downloaded piece number,downloaded time
7,2024/06/17-15:43:25
6,2024/06/17-15:43:25
10,2024/06/17-15:43:28
12,2024/06/17-15:43:31
0,2024/06/17-15:43:33
13,2024/06/17-15:43:35
11,2024/06/17-15:43:36
15,2024/06/17-15:43:39
17,2024/06/17-15:43:42
18,2024/06/17-15:43:46
19,2024/06/17-15:43:49
20,2024/06/17-15:43:52
14,2024/06/17-15:43:53
21,2024/06/17-15:43:56
23,2024/06/17-15:43:59
1,2024/06/17-15:44:01
24,2024/06/17-15:44:02
26,2024/06/17-15:44:05
9,2024/06/17-15:44:06
27,2024/06/17-15:44:09
29,2024/06/17-15:44:12
30,2024/06/17-15:44:15
31,2024/06/17-15:44:19
8,2024/06/17-15:44:21
22,2024/06/17-15:44:22
32,2024/06/17-15:44:23
35,2024/06/17-15:44:26
36,2024/06/17-15:44:29
37,2024/06/17-15:44:33
38,2024/06/17-15:44:36
25,2024/06/17-15:44:38
39,2024/06/17-15:44:39
41,2024/06/17-15:44:42
28,2024/06/17-15:44:45
42,2024/06/17-15:44:46
44,2024/06/17-15:44:49
34,2024/06/17-15:44:51
45,2024/06/17-15:44:52
47,2024/06/17-15:44:56
48,2024/06/17-15:44:59
49,2024/06/17-15:45:03
50,2024/06/17-15:45:06
40,2024/06/17-15:45:08
51,2024/06/17-15:45:10
53,2024/06/17-15:45:12
46,2024/06/17-15:45:16
54,2024/06/17-15:45:17
56,2024/06/17-15:45:20
57,2024/06/17-15:45:24
58,2024/06/17-15:45:28
59,2024/06/17-15:45:31
43,2024/06/17-15:45:32
60,2024/06/17-15:45:35
62,2024/06/17-15:45:39
63,2024/06/17-15:45:42
64,2024/06/17-15:45:45
